CaseKey,ReportNumber,AgencyName,ACRSReportType
1,MCP28910063,Montgomery County Police,Property Damage Crash
2,MCP29600023,Montgomery County Police,Property Damage Crash
3,MCP2043000C,MONTGOMERY,Injury Crash
4,MCP0036006C,Montgomery County Police,Injury Crash
5,EJ7805000X,Gaithersburg Police Depar,Property Damage Crash
6,MCP1564000L,Montgomery County Police,Injury Crash
7,MCP2546000Y,Montgomery County Police,Injury Crash
8,MCP3011000F,Montgomery County Police,Property Damage Crash
9,MCP2177002F,Montgomery County Police,Property Damage Crash
10,DD5603005B,Rockville Police Departme,Property Damage Crash
11,MCP29170045,Montgomery County Police,Property Damage Crash
12,MCP2231002S,Montgomery County Police,Injury Crash
13,EJ7852000Q,Gaithersburg Police Depar,Injury Crash
14,MCP20590015,Montgomery County Police,Property Damage Crash
15,MCP2816000W,Montgomery County Police,Property Damage Crash
16,MCP2755000D,Montgomery County Police,Property Damage Crash
17,MCP2761000J,Montgomery County Police,Injury Crash
18,DD55130001,Rockville Police Departme,Injury Crash
19,MCP27740011,Montgomery County Police,Property Damage Crash
20,MCP1020000L,Montgomery County Police,Property Damage Crash
21,MCP2908000S,Montgomery County Police,Property Damage Crash
22,MCP2776000P,Montgomery County Police,Property Damage Crash
23,MCP23470007,Montgomery County Police,Property Damage Crash
24,MCP2796001C,Montgomery County Police,Property Damage Crash
25,MCP2192000W,Montgomery County Police,Property Damage Crash
26,MCP2177000B,Montgomery County Police,Property Damage Crash
27,MCP2667000J,Montgomery County Police,Property Damage Crash
28,MCP93110006,Montgomery County Police,Property Damage Crash
29,MCP29910009,Montgomery County Police,Injury Crash
30,MCP1580002N,Montgomery County Police,Injury Crash
31,MCP1221000X,Montgomery County Police,Injury Crash
32,MCP2770000G,Montgomery County Police,Injury Crash
33,MCP22370003,Montgomery County Police,Property Damage Crash
34,MCP09340002,Montgomery County Police,Property Damage Crash
35,MCP2717000X,Montgomery County Police,Injury Crash
36,MCP2394000V,Montgomery County Police,Property Damage Crash
37,MCP2565001J,Montgomery County Police,Property Damage Crash
38,MCP2607000T,Montgomery County Police,Property Damage Crash
39,MCP2394000W,MONTGOMERY,Property Damage Crash
40,DM8445000G,Takoma Park Police Depart,Property Damage Crash
41,MCP2192000T,Montgomery County Police,Injury Crash
42,MCP22540004,Montgomery County Police,Injury Crash
43,MCP27540008,Montgomery County Police,Property Damage Crash
44,MCP2690000P,Montgomery County Police,Property Damage Crash
45,MCP29890001,Montgomery County Police,Injury Crash
46,MCP2809001L,Montgomery County Police,Property Damage Crash
47,MCP9432000L,Montgomery County Police,Injury Crash
48,MCP27390006,Montgomery County Police,Injury Crash
49,DD5603001F,Rockville Police Departme,Property Damage Crash
50,MCP15750029,Montgomery County Police,Property Damage Crash
51,MCP2861000Q,Montgomery County Police,Property Damage Crash
52,MCP2582000L,Montgomery County Police,Property Damage Crash
53,MCP2859000M,Montgomery County Police,Property Damage Crash
54,MCP94370004,Montgomery County Police,Property Damage Crash
55,MCP2600000T,Montgomery County Police,Property Damage Crash
56,MCP25310003,Montgomery County Police,Injury Crash
57,MCP2710000J,Montgomery County Police,Property Damage Crash
58,MCP2791000Y,Montgomery County Police,Property Damage Crash
59,MCP13660022,Montgomery County Police,Property Damage Crash
60,EJ7850000J,Gaithersburg Police Depar,Property Damage Crash
61,MCP2753000L,Montgomery County Police,Property Damage Crash
62,MCP2678000J,Montgomery County Police,Injury Crash
63,DD5606001J,Rockville Police Departme,Property Damage Crash
64,MCP2639000Q,Montgomery County Police,Property Damage Crash
65,MCP20080010,Montgomery County Police,Property Damage Crash
66,MCP27650015,Montgomery County Police,Injury Crash
67,MCP2849000S,Montgomery County Police,Injury Crash
68,MCP1220001T,Montgomery County Police,Property Damage Crash
69,DD5610000K,Rockville Police Departme,Property Damage Crash
70,MCP9379000G,Montgomery County Police,Injury Crash
71,DM8439000C,Takoma Park Police Depart,Property Damage Crash
72,MCP1580002B,Montgomery County Police,Property Damage Crash
73,MCP1220001V,Montgomery County Police,Injury Crash
74,MCP2801000T,Montgomery County Police,Property Damage Crash
75,MCP24690008,Montgomery County Police,Injury Crash
76,MCP2339000W,Montgomery County Police,Property Damage Crash
77,DD5606001K,Rockville Police Departme,Property Damage Crash
78,MCP2708000D,Montgomery County Police,Property Damage Crash
79,MCP1465000Z,Montgomery County Police,Injury Crash
80,MCP14770005,Montgomery County Police,Injury Crash
81,MCP2016000J,Montgomery County Police,Injury Crash
82,MCP2385000C,Montgomery County Police,Property Damage Crash
83,MCP2753000T,Montgomery County Police,Property Damage Crash
84,MCP2766000V,Montgomery County Police,Property Damage Crash
85,MCP2291000Y,Montgomery County Police,Property Damage Crash
86,MCP9113000H,Montgomery County Police,Injury Crash
87,MCP22910014,Montgomery County Police,Property Damage Crash
88,DD5508000M,Rockville Police Departme,Property Damage Crash
89,MCP25650019,Montgomery County Police,Property Damage Crash
90,MCP21340008,Montgomery County Police,Fatal Crash
91,MCP2298003T,Montgomery County Police,Property Damage Crash
92,MCP25260009,Montgomery County Police,Injury Crash
93,MCP2693000J,Montgomery County Police,Property Damage Crash
94,MCP2871001H,Montgomery County Police,Injury Crash
95,MCP2298003V,Montgomery County Police,Injury Crash
96,MCP2737000S,Montgomery County Police,Property Damage Crash
97,MCP27920007,Montgomery County Police,Property Damage Crash
98,MCP2354000D,Montgomery County Police,Property Damage Crash
99,MCP2260000P,Montgomery County Police,Property Damage Crash
100,MCP2737000T,Montgomery County Police,Property Damage Crash